{
    "loss": 2.819037914276123,
    "accuracy": 0.7768595218658447
}