{
    "loss": 17.407215118408203,
    "accuracy": 0.5041322112083435
}