{
    "loss": 0.07415841519832611,
    "accuracy": 0.9669421315193176
}