{
    "loss": 0.8591792583465576,
    "accuracy": 0.6198347210884094
}