{
    "loss": 0.15150253474712372,
    "accuracy": 0.93388432264328
}